filename,prompt,magic_prompt,magic_prompt_output,aspect_ratio,model,visibility,seed_number,rendering,negative_prompt,style,color_palette,image_url
0001_1_create-a-series-of-premium-professional-_-axMLWktSY-VUZeSMGOZBQ_CduKqLFyT_OT0-2Hi0rZwQ.jpeg,"""Create a series of premium, professional landscape 16:9 hero section images for the website of a company called Hekayah Advertising Gifts & Supplies, located in Sharjah, UAE. The images should immediately communicate the brand’s business idea: a one-stop advertising and promotional solutions provider with 14+ years of experience.

Each image should look modern, clean, and corporate, with a premium advertising aesthetic. Include visual themes such as:

Corporate Branding: Branded stationery, business cards, brochures, and calendars beautifully arranged.

Signage & Large Format Printing: A professional office/storefront with glowing signage, wall branding, vehicle wraps, and banners.

Exhibition & Events: Backdrops, roll-up banners, and display stands in a sleek exhibition booth setup.

Corporate Gifts & Lifestyle: High-end promotional products like pens, notebooks, mugs, tote bags, trophies, and tech gadgets displayed elegantly.

Flags & Textiles: Vibrant flags, fabric items, and textile-based branding in use at an event.

Style: Modern, premium, high-quality marketing visuals with bright lighting, clean white or branded corporate backgrounds, sharp focus, and a professional business look. No text in the images. The goal is that visitors instantly understand this is a trusted advertising and branding solutions company.""",AUTO,,16:9,3.0,public,131845458,turbo,,auto,,https://ideogram.ai/g/CduKqLFyT_OT0-2Hi0rZwQ/0
0001_2_a-sleek-product-shot-advertisement-showc_1W9yVYosTzKzB-_JLzR58A_CduKqLFyT_OT0-2Hi0rZwQ.jpeg,"""Create a series of premium, professional landscape 16:9 hero section images for the website of a company called Hekayah Advertising Gifts & Supplies, located in Sharjah, UAE. The images should immediately communicate the brand’s business idea: a one-stop advertising and promotional solutions provider with 14+ years of experience.

Each image should look modern, clean, and corporate, with a premium advertising aesthetic. Include visual themes such as:

Corporate Branding: Branded stationery, business cards, brochures, and calendars beautifully arranged.

Signage & Large Format Printing: A professional office/storefront with glowing signage, wall branding, vehicle wraps, and banners.

Exhibition & Events: Backdrops, roll-up banners, and display stands in a sleek exhibition booth setup.

Corporate Gifts & Lifestyle: High-end promotional products like pens, notebooks, mugs, tote bags, trophies, and tech gadgets displayed elegantly.

Flags & Textiles: Vibrant flags, fabric items, and textile-based branding in use at an event.

Style: Modern, premium, high-quality marketing visuals with bright lighting, clean white or branded corporate backgrounds, sharp focus, and a professional business look. No text in the images. The goal is that visitors instantly understand this is a trusted advertising and branding solutions company.""",AUTO,"A sleek product shot advertisement showcasing Hekayah Advertising Gifts & Supplies, presenting a curated arrangement of branded corporate items against a clean, minimalist white background. The composition features premium stationery – embossed business cards, a leather-bound notebook, and a modern calendar – alongside a selection of promotional products like elegant pens, a branded tote bag, and a polished trophy, all meticulously arranged to convey quality and sophistication. Soft, diffused lighting highlights the textures and details of each item, creating a sharp, professional aesthetic with a focus on impeccable branding and design, embodying Hekayah's 14+ years of experience providing advertising and promotional solutions. The overall mood is corporate, trustworthy, and premium, instantly communicating Hekayah as a reliable partner for all advertising and branding needs, reflecting the tagline ""Your Brand. Our Expertise.""",16:9,3.0,public,131845458,turbo,,auto,,https://ideogram.ai/g/CduKqLFyT_OT0-2Hi0rZwQ/1
0001_3_create-a-series-of-premium-professional-_FmxppybBTqeMrD0iC5i-5A_CduKqLFyT_OT0-2Hi0rZwQ.jpeg,"""Create a series of premium, professional landscape 16:9 hero section images for the website of a company called Hekayah Advertising Gifts & Supplies, located in Sharjah, UAE. The images should immediately communicate the brand’s business idea: a one-stop advertising and promotional solutions provider with 14+ years of experience.

Each image should look modern, clean, and corporate, with a premium advertising aesthetic. Include visual themes such as:

Corporate Branding: Branded stationery, business cards, brochures, and calendars beautifully arranged.

Signage & Large Format Printing: A professional office/storefront with glowing signage, wall branding, vehicle wraps, and banners.

Exhibition & Events: Backdrops, roll-up banners, and display stands in a sleek exhibition booth setup.

Corporate Gifts & Lifestyle: High-end promotional products like pens, notebooks, mugs, tote bags, trophies, and tech gadgets displayed elegantly.

Flags & Textiles: Vibrant flags, fabric items, and textile-based branding in use at an event.

Style: Modern, premium, high-quality marketing visuals with bright lighting, clean white or branded corporate backgrounds, sharp focus, and a professional business look. No text in the images. The goal is that visitors instantly understand this is a trusted advertising and branding solutions company.""",AUTO,,16:9,3.0,public,131845458,turbo,,auto,,https://ideogram.ai/g/CduKqLFyT_OT0-2Hi0rZwQ/2
0001_4_a-series-of-meticulously-crafted-high-re_M3CqzZLnQPmXyPgJfRDKXw_CduKqLFyT_OT0-2Hi0rZwQ.jpeg,"""Create a series of premium, professional landscape 16:9 hero section images for the website of a company called Hekayah Advertising Gifts & Supplies, located in Sharjah, UAE. The images should immediately communicate the brand’s business idea: a one-stop advertising and promotional solutions provider with 14+ years of experience.

Each image should look modern, clean, and corporate, with a premium advertising aesthetic. Include visual themes such as:

Corporate Branding: Branded stationery, business cards, brochures, and calendars beautifully arranged.

Signage & Large Format Printing: A professional office/storefront with glowing signage, wall branding, vehicle wraps, and banners.

Exhibition & Events: Backdrops, roll-up banners, and display stands in a sleek exhibition booth setup.

Corporate Gifts & Lifestyle: High-end promotional products like pens, notebooks, mugs, tote bags, trophies, and tech gadgets displayed elegantly.

Flags & Textiles: Vibrant flags, fabric items, and textile-based branding in use at an event.

Style: Modern, premium, high-quality marketing visuals with bright lighting, clean white or branded corporate backgrounds, sharp focus, and a professional business look. No text in the images. The goal is that visitors instantly understand this is a trusted advertising and branding solutions company.""",AUTO,"A series of meticulously crafted, high-resolution landscape hero images designed for the Hekayah Advertising Gifts & Supplies website showcases the company’s diverse range of promotional solutions. The images depict stylized scenes – a sleek office reception area with branded signage and promotional materials, a modern exhibition booth displaying vibrant banners and corporate gifts, and a vibrant outdoor event featuring branded flags and textiles – all bathed in bright, diffused lighting against clean white or subtly branded corporate backgrounds. Each scene features carefully arranged branded stationery, business cards, and high-end promotional items like pens and mugs, emphasizing quality and professionalism with a sharp focus and sophisticated composition, reflecting over 14 years of experience. The overall aesthetic is modern, clean, and corporate, conveying a sense of trust and expertise in providing comprehensive advertising and branding solutions without any visible text, immediately establishing Hekayah as a premier partner for businesses in Sharjah, UAE.",16:9,3.0,public,131845458,turbo,,auto,,https://ideogram.ai/g/CduKqLFyT_OT0-2Hi0rZwQ/3
